BasketArea,Deep Paint,LeftBaseline,LeftCorner,LeftWing2,LeftWing3,MidrangeSlot,RightBaseline,RightCorner3,RightWing2,RightWing3,TopOfArc
1.2853246922764821, 26.251662277129054, 0.25475284519328806, 0.0, 0.0, 0.0, 0.21056964833204425, 0.0, 0.047858367630431366, 0.064669792395940881, 0.0, 0.0
0.0, 0.0, 0.0, 3.6222996958136133, 0.45004568875454959, 8.9776188231881928, 0.0, 1.0391936745640482, 3.6890799172803743, 1.0594348227588768, 9.3730811202860025, 5.5256080715769214
13.120836823556779, 5.8619524471721434, 0.75251882534528602, 0.0, 0.0, 0.0, 0.3704265560691623, 1.4112944495192503, 0.0, 0.0, 0.0, 0.024635096577290364
0.0, 2.7582700429393778, 3.7419865983280416, 0.0, 7.2321211218233117, 0.0, 10.855118460085226, 5.9404010549988726, 0.0, 8.9976176730396258, 0.19920909564276235, 1.5699002378261429
6.6164375768813404, 0.0, 14.616830262064582, 1.7021045634173766, 2.7766591451422191, 1.6934608062982592, 0.1997676873803545, 5.8956268693065743, 0.70165761409955807, 0.0, 0.0, 0.0
